Workbook

Sheet Summary
A1: BA Capstone Project: Checkpoint 4 — Predictive Analytics Model
A2: Retail & Sales Analytics: Customer Segmentation & Purchase Behavior Analysis | BED 106 Business Analytics | A.Y. 2026–2027, 1st Semester
A4: Item | B4: Value
A5: Technique | B5: Multiple linear regression (extends the Checkpoint 2 simple regression)
A6: Output (Y) | B6: Invoice Value (£) of a completed order
A7: Predictor X1 | B7: Lines per invoice (number of distinct products)
A8: Predictor X2 | B8: Total quantity of units on the invoice
A9: Sample | B9: 271 completed invoices, 1–3 Dec 2010 (source: Checkpoint 3 powerbi_data CSVs)
A10: Fitted equation | B10: =Regression!A22 -> Invoice Value = 52.65 + 7.20 × Lines + 0.946 × Quantity
A11: R Square | B11: =Regression!B6 -> 0.80184512
A12: Adjusted R Square | B12: =Regression!B7 -> 0.80036635
A13: Standard error of Y (£) | B13: =Regression!B8 -> 299.02765
A14: Significance F | B14: =Regression!F17 -> 6.2898298e-95
A15: Checkpoint 2 simple model R² | B15: =Regression!B25 -> 0.4777231
A16: Improvement in R² | B16: =Regression!D26 -> 0.32412203
A17: Mean absolute error (£) | B17: =Diagnostics!B16 -> 151.84571
A19: Sheets
A20: Regression — LINEST output, ANOVA, coefficients, model comparison
A21: Predictions — calculator and scenarios (editable inputs)
A22: Diagnostics — residual, outlier and multicollinearity checks
A23: Charts — actual vs predicted, residual plot
A24: Model Data / Invoice Lines — data behind every formula
A26: Data note: values in 'Invoice Lines' are copied from the group's Checkpoint 3 CSV exports (hard inputs); every statistic is a live formula.

Sheet Invoice Lines
A1: Invoice Lines — completed orders only
A2: Source: Checkpoint 3 powerbi_data/invoice_items.csv, filtered to the 271 non-cancelled invoices in invoices.csv. LineTotal = Quantity × UnitPrice (formula).
A4: InvoiceNo | B4: StockCode | C4: Quantity | D4: UnitPrice (£) | E4: LineTotal (£)
A5: 536365 | B5: 85123A | C5: 6 | D5: 2.55 | E5: =C5*D5 -> 15.3
A6: 536365 | B6: 71053 | C6: 6 | D6: 3.39 | E6: =C6*D6 -> 20.34
A7: 536365 | B7: 84406B | C7: 8 | D7: 2.75 | E7: =C7*D7 -> 22
A8: 536365 | B8: 84029G | C8: 6 | D8: 3.39 | E8: =C8*D8 -> 20.34
A9: 536365 | B9: 84029E | C9: 6 | D9: 3.39 | E9: =C9*D9 -> 20.34
A10: 536365 | B10: 22752 | C10: 2 | D10: 7.65 | E10: =C10*D10 -> 15.3
A11: 536365 | B11: 21730 | C11: 6 | D11: 4.25 | E11: =C11*D11 -> 25.5
A12: 536366 | B12: 22633 | C12: 6 | D12: 1.85 | E12: =C12*D12 -> 11.1
A13: 536366 | B13: 22632 | C13: 6 | D13: 1.85 | E13: =C13*D13 -> 11.1
A14: 536367 | B14: 48187 | C14: 4 | D14: 7.95 | E14: =C14*D14 -> 31.8
A15: 536367 | B15: 21777 | C15: 4 | D15: 7.95 | E15: =C15*D15 -> 31.8
A16: 536367 | B16: 21755 | C16: 3 | D16: 5.95 | E16: =C16*D16 -> 17.85
... A5059: 536849 | B5059: 22728 | C5059: 39 | D5059: 3.75 | E5059: =C5059*D5059 -> 146.25

Sheet Model Data
A1: Model Data — one row per completed invoice (n = 271)
A2: Lines, Quantity, Value and Avg Price are formulas over 'Invoice Lines'. Predicted and Residual use the coefficients on the 'Regression' sheet.
A4: InvoiceNo | B4: CustomerID | C4: Country | D4: Invoice Date | E4: X1: Lines (products) | F4: X2: Total Quantity | G4: Avg Unit Price (£) | H4: Y: Invoice Value (£) | I4: Predicted Y (£) | J4: Residual (£)
A5: 536365 | B5: 17850 | C5: United Kingdom | D5: 40513.351 | E5: =COUNTIFS('Invoice Lines'!$A$5:$A$5059,A5) -> 7 | F5: =SUMIFS('Invoice Lines'!$C$5:$C$5059,'Invoice Lines'!$A$5:$A$5059,A5) -> 40 | G5: =AVERAGEIFS('Invoice Lines'!$D$5:$D$5059,'Invoice Lines'!$A$5:$A$5059,A5) -> 3.91 | H5: =SUMIFS('Invoice Lines'!$E$5:$E$5059,'Invoice Lines'!$A$5:$A$5059,A5) -> 139.12 | I5: =Regression!$B$14+Regression!$B$12*E5+Regression!$B$13*F5 -> 140.90553 | J5: =H5-I5 -> -1.7855301
A6: 536366 | B6: 17850 | C6: United Kingdom | D6: 40513.353 | E6: =COUNTIFS('Invoice Lines'!$A$5:$A$5059,A6) -> 2 | F6: =SUMIFS('Invoice Lines'!$C$5:$C$5059,'Invoice Lines'!$A$5:$A$5059,A6) -> 12 | G6: =AVERAGEIFS('Invoice Lines'!$D$5:$D$5059,'Invoice Lines'!$A$5:$A$5059,A6) -> 1.85 | H6: =SUMIFS('Invoice Lines'!$E$5:$E$5059,'Invoice Lines'!$A$5:$A$5059,A6) -> 22.2 | I6: =Regression!$B$14+Regression!$B$12*E6+Regression!$B$13*F6 -> 78.408008 | J6: =H6-I6 -> -56.208008
A7: 536367 | B7: 13047 | C7: United Kingdom | D7: 40513.357 | E7: =COUNTIFS('Invoice Lines'!$A$5:$A$5059,A7) -> 12 | F7: =SUMIFS('Invoice Lines'!$C$5:$C$5059,'Invoice Lines'!$A$5:$A$5059,A7) -> 83 | G7: =AVERAGEIFS('Invoice Lines'!$D$5:$D$5059,'Invoice Lines'!$A$5:$A$5059,A7) -> 4.8533333 | H7: =SUMIFS('Invoice Lines'!$E$5:$E$5059,'Invoice Lines'!$A$5:$A$5059,A7) -> 278.73 | I7: =Regression!$B$14+Regression!$B$12*E7+Regression!$B$13*F7 -> 217.59408 | J7: =H7-I7 -> 61.135919
A8: 536368 | B8: 13047 | C8: United Kingdom | D8: 40513.357 | E8: =COUNTIFS('Invoice Lines'!$A$5:$A$5059,A8) -> 4 | F8: =SUMIFS('Invoice Lines'!$C$5:$C$5059,'Invoice Lines'!$A$5:$A$5059,A8) -> 15 | G8: =AVERAGEIFS('Invoice Lines'!$D$5:$D$5059,'Invoice Lines'!$A$5:$A$5059,A8) -> 4.775 | H8: =SUMIFS('Invoice Lines'!$E$5:$E$5059,'Invoice Lines'!$A$5:$A$5059,A8) -> 70.05 | I8: =Regression!$B$14+Regression!$B$12*E8+Regression!$B$13*F8 -> 95.649254 | J8: =H8-I8 -> -25.599254
A9: 536369 | B9: 13047 | C9: United Kingdom | D9: 40513.358 | E9: =COUNTIFS('Invoice Lines'!$A$5:$A$5059,A9) -> 1 | F9: =SUMIFS('Invoice Lines'!$C$5:$C$5059,'Invoice Lines'!$A$5:$A$5059,A9) -> 3 | G9: =AVERAGEIFS('Invoice Lines'!$D$5:$D$5059,'Invoice Lines'!$A$5:$A$5059,A9) -> 5.95 | H9: =SUMIFS('Invoice Lines'!$E$5:$E$5059,'Invoice Lines'!$A$5:$A$5059,A9) -> 17.85 | I9: =Regression!$B$14+Regression!$B$12*E9+Regression!$B$13*F9 -> 62.69187 | J9: =H9-I9 -> -44.84187
A10: 536370 | B10: 12583 | C10: France | D10: 40513.365 | E10: =COUNTIFS('Invoice Lines'!$A$5:$A$5059,A10) -> 19 | F10: =SUMIFS('Invoice Lines'!$C$5:$C$5059,'Invoice Lines'!$A$5:$A$5059,A10) -> 446 | G10: =AVERAGEIFS('Invoice Lines'!$D$5:$D$5059,'Invoice Lines'!$A$5:$A$5059,A10) -> 1.9626316 | H10: =SUMIFS('Invoice Lines'!$E$5:$E$5059,'Invoice Lines'!$A$5:$A$5059,A10) -> 801.86 | I10: =Regression!$B$14+Regression!$B$12*E10+Regression!$B$13*F10 -> 611.42763 | J10: =H10-I10 -> 190.43237
A11: 536371 | B11: 13748 | C11: United Kingdom | D11: 40513.375 | E11: =COUNTIFS('Invoice Lines'!$A$5:$A$5059,A11) -> 1 | F11: =SUMIFS('Invoice Lines'!$C$5:$C$5059,'Invoice Lines'!$A$5:$A$5059,A11) -> 80 | G11: =AVERAGEIFS('Invoice Lines'!$D$5:$D$5059,'Invoice Lines'!$A$5:$A$5059,A11) -> 2.55 | H11: =SUMIFS('Invoice Lines'!$E$5:$E$5059,'Invoice Lines'!$A$5:$A$5059,A11) -> 204 | I11: =Regression!$B$14+Regression!$B$12*E11+Regression!$B$13*F11 -> 135.53915 | J11: =H11-I11 -> 68.460845
A12: 536372 | B12: 17850 | C12: United Kingdom | D12: 40513.376 | E12: =COUNTIFS('Invoice Lines'!$A$5:$A$5059,A12) -> 2 | F12: =SUMIFS('Invoice Lines'!$C$5:$C$5059,'Invoice Lines'!$A$5:$A$5059,A12) -> 12 | G12: =AVERAGEIFS('Invoice Lines'!$D$5:$D$5059,'Invoice Lines'!$A$5:$A$5059,A12) -> 1.85 | H12: =SUMIFS('Invoice Lines'!$E$5:$E$5059,'Invoice Lines'!$A$5:$A$5059,A12) -> 22.2 | I12: =Regression!$B$14+Regression!$B$12*E12+Regression!$B$13*F12 -> 78.408008 | J12: =H12-I12 -> -56.208008
A13: 536373 | B13: 17850 | C13: United Kingdom | D13: 40513.376 | E13: =COUNTIFS('Invoice Lines'!$A$5:$A$5059,A13) -> 16 | F13: =SUMIFS('Invoice Lines'!$C$5:$C$5059,'Invoice Lines'!$A$5:$A$5059,A13) -> 88 | G13: =AVERAGEIFS('Invoice Lines'!$D$5:$D$5059,'Invoice Lines'!$A$5:$A$5059,A13) -> 3.319375 | H13: =SUMIFS('Invoice Lines'!$E$5:$E$5059,'Invoice Lines'!$A$5:$A$5059,A13) -> 259.86 | I13: =Regression!$B$14+Regression!$B$12*E13+Regression!$B$13*F13 -> 251.1305 | J13: =H13-I13 -> 8.7294952
A14: 536374 | B14: 15100 | C14: United Kingdom | D14: 40513.381 | E14: =COUNTIFS('Invoice Lines'!$A$5:$A$5059,A14) -> 1 | F14: =SUMIFS('Invoice Lines'!$C$5:$C$5059,'Invoice Lines'!$A$5:$A$5059,A14) -> 32 | G14: =AVERAGEIFS('Invoice Lines'!$D$5:$D$5059,'Invoice Lines'!$A$5:$A$5059,A14) -> 10.95 | H14: =SUMIFS('Invoice Lines'!$E$5:$E$5059,'Invoice Lines'!$A$5:$A$5059,A14) -> 350.4 | I14: =Regression!$B$14+Regression!$B$12*E14+Regression!$B$13*F14 -> 90.127861 | J14: =H14-I14 -> 260.27214
A15: 536375 | B15: 17850 | C15: United Kingdom | D15: 40513.397 | E15: =COUNTIFS('Invoice Lines'!$A$5:$A$5059,A15) -> 16 | F15: =SUMIFS('Invoice Lines'!$C$5:$C$5059,'Invoice Lines'!$A$5:$A$5059,A15) -> 88 | G15: =AVERAGEIFS('Invoice Lines'!$D$5:$D$5059,'Invoice Lines'!$A$5:$A$5059,A15) -> 3.319375 | H15: =SUMIFS('Invoice Lines'!$E$5:$E$5059,'Invoice Lines'!$A$5:$A$5059,A15) -> 259.86 | I15: =Regression!$B$14+Regression!$B$12*E15+Regression!$B$13*F15 -> 251.1305 | J15: =H15-I15 -> 8.7294952
A16: 536376 | B16: 15291 | C16: United Kingdom | D16: 40513.397 | E16: =COUNTIFS('Invoice Lines'!$A$5:$A$5059,A16) -> 2 | F16: =SUMIFS('Invoice Lines'!$C$5:$C$5059,'Invoice Lines'!$A$5:$A$5059,A16) -> 112 | G16: =AVERAGEIFS('Invoice Lines'!$D$5:$D$5059,'Invoice Lines'!$A$5:$A$5059,A16) -> 3 | H16: =SUMIFS('Invoice Lines'!$E$5:$E$5059,'Invoice Lines'!$A$5:$A$5059,A16) -> 328.8 | I16: =Regression!$B$14+Regression!$B$12*E16+Regression!$B$13*F16 -> 173.01487 | J16: =H16-I16 -> 155.78513
... A87: 536542 | B87: 16456 | C87: United Kingdom | D87: 40513.591 | E87: =COUNTIFS('Invoice Lines'!$A$5:$A$5059,A87) -> 16 | F87: =SUMIFS('Invoice Lines'!$C$5:$C$5059,'Invoice Lines'!$A$5:$A$5059,A87) -> 392 | G87: =AVERAGEIFS('Invoice Lines'!$D$5:$D$5059,'Invoice Lines'!$A$5:$A$5059,A87) -> 1.965625 | H87: =SUMIFS('Invoice Lines'!$E$5:$E$5059,'Invoice Lines'!$A$5:$A$5059,A87) -> 787.4 | I87: =Regression!$B$14+Regression!$B$12*E87+Regression!$B$13*F87 -> 538.73537 | J87: =H87-I87 -> 248.66463
A88: 536544 | D88: 40513.606 | E88: =COUNTIFS('Invoice Lines'!$A$5:$A$5059,A88) -> 526 | F88: =SUMIFS('Invoice Lines'!$C$5:$C$5059,'Invoice Lines'!$A$5:$A$5059,A88) -> 1207 | G88: =AVERAGEIFS('Invoice Lines'!$D$5:$D$5059,'Invoice Lines'!$A$5:$A$5059,A88) -> 4.5968631 | H88: =SUMIFS('Invoice Lines'!$E$5:$E$5059,'Invoice Lines'!$A$5:$A$5059,A88) -> 4951.37 | I88: =Regression!$B$14+Regression!$B$12*E88+Regression!$B$13*F88 -> 4982.5565 | J88: =H88-I88 -> -31.186537
A89: 536551 | B89: 17346 | C89: United Kingdom | D89: 40513.607 | E89: =COUNTIFS('Invoice Lines'!$A$5:$A$5059,A89) -> 31 | F89: =SUMIFS('Invoice Lines'!$C$5:$C$5059,'Invoice Lines'!$A$5:$A$5059,A89) -> 84 | G89: =AVERAGEIFS('Invoice Lines'!$D$5:$D$5059,'Invoice Lines'!$A$5:$A$5059,A89) -> 2.1380645 | H89: =SUMIFS('Invoice Lines'!$E$5:$E$5059,'Invoice Lines'!$A$5:$A$5059,A89) -> 134.11 | I89: =Regression!$B$14+Regression!$B$12*E89+Regression!$B$13*F89 -> 355.36903 | J89: =H89-I89 -> -221.25903
A90: 536555 | D90: 40513.609 | E90: =COUNTIFS('Invoice Lines'!$A$5:$A$5059,A90) -> 2 | F90: =SUMIFS('Invoice Lines'!$C$5:$C$5059,'Invoice Lines'!$A$5:$A$5059,A90) -> 2 | G90: =AVERAGEIFS('Invoice Lines'!$D$5:$D$5059,'Invoice Lines'!$A$5:$A$5059,A90) -> 1.485 | H90: =SUMIFS('Invoice Lines'!$E$5:$E$5059,'Invoice Lines'!$A$5:$A$5059,A90) -> 2.97 | I90: =Regression!$B$14+Regression!$B$12*E90+Regression!$B$13*F90 -> 68.947322 | J90: =H90-I90 -> -65.977322
A91: 536556 | B91: 17643 | C91: United Kingdom | D91: 40513.61 | E91: =COUNTIFS('Invoice Lines'!$A$5:$A$5059,A91) -> 8 | F91: =SUMIFS('Invoice Lines'!$C$5:$C$5059,'Invoice Lines'!$A$5:$A$5059,A91) -> 71 | G91: =AVERAGEIFS('Invoice Lines'!$D$5:$D$5059,'Invoice Lines'!$A$5:$A$5059,A91) -> 4.01875 | H91: =SUMIFS('Invoice Lines'!$E$5:$E$5059,'Invoice Lines'!$A$5:$A$5059,A91) -> 101.55 | I91: =Regression!$B$14+Regression!$B$12*E91+Regression!$B$13*F91 -> 177.43518 | J91: =H91-I91 -> -75.885178
A92: 536557 | B92: 17841 | C92: United Kingdom | D92: 40513.612 | E92: =COUNTIFS('Invoice Lines'!$A$5:$A$5059,A92) -> 64 | F92: =SUMIFS('Invoice Lines'!$C$5:$C$5059,'Invoice Lines'!$A$5:$A$5059,A92) -> 198 | G92: =AVERAGEIFS('Invoice Lines'!$D$5:$D$5059,'Invoice Lines'!$A$5:$A$5059,A92) -> 3.8553125 | H92: =SUMIFS('Invoice Lines'!$E$5:$E$5059,'Invoice Lines'!$A$5:$A$5059,A92) -> 532.43 | I92: =Regression!$B$14+Regression!$B$12*E92+Regression!$B$13*F92 -> 700.87102 | J92: =H92-I92 -> -168.44102
A93: 536558 | D93: 40513.617 | E93: =COUNTIFS('Invoice Lines'!$A$5:$A$5059,A93) -> 1 | F93: =SUMIFS('Invoice Lines'!$C$5:$C$5059,'Invoice Lines'!$A$5:$A$5059,A93) -> 5 | G93: =AVERAGEIFS('Invoice Lines'!$D$5:$D$5059,'Invoice Lines'!$A$5:$A$5059,A93) -> 19.95 | H93: =SUMIFS('Invoice Lines'!$E$5:$E$5059,'Invoice Lines'!$A$5:$A$5059,A93) -> 99.75 | I93: =Regression!$B$14+Regression!$B$12*E93+Regression!$B$13*F93 -> 64.584008 | J93: =H93-I93 -> 35.165992
A94: 536559 | B94: 17873 | C94: United Kingdom | D94: 40513.621 | E94: =COUNTIFS('Invoice Lines'!$A$5:$A$5059,A94) -> 8 | F94: =SUMIFS('Invoice Lines'!$C$5:$C$5059,'Invoice Lines'!$A$5:$A$5059,A94) -> 117 | G94: =AVERAGEIFS('Invoice Lines'!$D$5:$D$5059,'Invoice Lines'!$A$5:$A$5059,A94) -> 2.1625 | H94: =SUMIFS('Invoice Lines'!$E$5:$E$5059,'Invoice Lines'!$A$5:$A$5059,A94) -> 204.95 | I94: =Regression!$B$14+Regression!$B$12*E94+Regression!$B$13*F94 -> 220.95433 | J94: =H94-I94 -> -16.004334
A95: 536560 | B95: 13093 | C95: United Kingdom | D95: 40513.625 | E95: =COUNTIFS('Invoice Lines'!$A$5:$A$5059,A95) -> 13 | F95: =SUMIFS('Invoice Lines'!$C$5:$C$5059,'Invoice Lines'!$A$5:$A$5059,A95) -> 256 | G95: =AVERAGEIFS('Invoice Lines'!$D$5:$D$5059,'Invoice Lines'!$A$5:$A$5059,A95) -> 5.1807692 | H95: =SUMIFS('Invoice Lines'!$E$5:$E$5059,'Invoice Lines'!$A$5:$A$5059,A95) -> 799.4 | I95: =Regression!$B$14+Regression!$B$12*E95+Regression!$B$13*F95 -> 388.46547 | J95: =H95-I95 -> 410.93453
A96: 536561 | B96: 12921 | C96: United Kingdom | D96: 40513.629 | E96: =COUNTIFS('Invoice Lines'!$A$5:$A$5059,A96) -> 15 | F96: =SUMIFS('Invoice Lines'!$C$5:$C$5059,'Invoice Lines'!$A$5:$A$5059,A96) -> 140 | G96: =AVERAGEIFS('Invoice Lines'!$D$5:$D$5059,'Invoice Lines'!$A$5:$A$5059,A96) -> 2.4833333 | H96: =SUMIFS('Invoice Lines'!$E$5:$E$5059,'Invoice Lines'!$A$5:$A$5059,A96) -> 322.4 | I96: =Regression!$B$14+Regression!$B$12*E96+Regression!$B$13*F96 -> 293.12455 | J96: =H96-I96 -> 29.275447
A97: 536562 | B97: 13468 | C97: United Kingdom | D97: 40513.631 | E97: =COUNTIFS('Invoice Lines'!$A$5:$A$5059,A97) -> 18 | F97: =SUMIFS('Invoice Lines'!$C$5:$C$5059,'Invoice Lines'!$A$5:$A$5059,A97) -> 99 | G97: =AVERAGEIFS('Invoice Lines'!$D$5:$D$5059,'Invoice Lines'!$A$5:$A$5059,A97) -> 5.0166667 | H97: =SUMIFS('Invoice Lines'!$E$5:$E$5059,'Invoice Lines'!$A$5:$A$5059,A97) -> 308.65 | I97: =Regression!$B$14+Regression!$B$12*E97+Regression!$B$13*F97 -> 275.9403 | J97: =H97-I97 -> 32.7097
A98: 536563 | B98: 17760 | C98: United Kingdom | D98: 40513.631 | E98: =COUNTIFS('Invoice Lines'!$A$5:$A$5059,A98) -> 9 | F98: =SUMIFS('Invoice Lines'!$C$5:$C$5059,'Invoice Lines'!$A$5:$A$5059,A98) -> 165 | G98: =AVERAGEIFS('Invoice Lines'!$D$5:$D$5059,'Invoice Lines'!$A$5:$A$5059,A98) -> 2.6244444 | H98: =SUMIFS('Invoice Lines'!$E$5:$E$5059,'Invoice Lines'!$A$5:$A$5059,A98) -> 172.54 | I98: =Regression!$B$14+Regression!$B$12*E98+Regression!$B$13*F98 -> 273.56715 | J98: =H98-I98 -> -101.02715
A99: 536564 | B99: 13468 | C99: United Kingdom | D99: 40513.631 | E99: =COUNTIFS('Invoice Lines'!$A$5:$A$5059,A99) -> 2 | F99: =SUMIFS('Invoice Lines'!$C$5:$C$5059,'Invoice Lines'!$A$5:$A$5059,A99) -> 12 | G99: =AVERAGEIFS('Invoice Lines'!$D$5:$D$5059,'Invoice Lines'!$A$5:$A$5059,A99) -> 5.7 | H99: =SUMIFS('Invoice Lines'!$E$5:$E$5059,'Invoice Lines'!$A$5:$A$5059,A99) -> 51.4 | I99: =Regression!$B$14+Regression!$B$12*E99+Regression!$B$13*F99 -> 78.408008 | J99: =H99-I99 -> -27.008008
A100: 536565 | D100: 40513.635 | E100: =COUNTIFS('Invoice Lines'!$A$5:$A$5059,A100) -> 2 | F100: =SUMIFS('Invoice Lines'!$C$5:$C$5059,'Invoice Lines'!$A$5:$A$5059,A100) -> 2 | G100: =AVERAGEIFS('Invoice Lines'!$D$5:$D$5059,'Invoice Lines'!$A$5:$A$5059,A100) -> 3.35 | H100: =SUMIFS('Invoice Lines'!$E$5:$E$5059,'Invoice Lines'!$A$5:$A$5059,A100) -> 6.7 | I100: =Regression!$B$14+Regression!$B$12*E100+Regression!$B$13*F100 -> 68.947322 | J100: =H100-I100 -> -62.247322
A101: 536566 | B101: 16928 | C101: United Kingdom | D101: 40513.64 | E101: =COUNTIFS('Invoice Lines'!$A$5:$A$5059,A101) -> 6 | F101: =SUMIFS('Invoice Lines'!$C$5:$C$5059,'Invoice Lines'!$A$5:$A$5059,A101) -> 93 | G101: =AVERAGEIFS('Invoice Lines'!$D$5:$D$5059,'Invoice Lines'!$A$5:$A$5059,A101) -> 1.25 | H101: =SUMIFS('Invoice Lines'!$E$5:$E$5059,'Invoice Lines'!$A$5:$A$5059,A101) -> 116.25 | I101: =Regression!$B$14+Regression!$B$12*E101+Regression!$B$13*F101 -> 183.84565 | J101: =H101-I101 -> -67.595647
A102: 536567 | B102: 16048 | C102: United Kingdom | D102: 40513.644 | E102: =COUNTIFS('Invoice Lines'!$A$5:$A$5059,A102) -> 7 | F102: =SUMIFS('Invoice Lines'!$C$5:$C$5059,'Invoice Lines'!$A$5:$A$5059,A102) -> 132 | G102: =AVERAGEIFS('Invoice Lines'!$D$5:$D$5059,'Invoice Lines'!$A$5:$A$5059,A102) -> 1.7928571 | H102: =SUMIFS('Invoice Lines'!$E$5:$E$5059,'Invoice Lines'!$A$5:$A$5059,A102) -> 251.4 | I102: =Regression!$B$14+Regression!$B$12*E102+Regression!$B$13*F102 -> 227.94384 | J102: =H102-I102 -> 23.456156
A103: 536568 | B103: 16048 | C103: United Kingdom | D103: 40513.644 | E103: =COUNTIFS('Invoice Lines'!$A$5:$A$5059,A103) -> 1 | F103: =SUMIFS('Invoice Lines'!$C$5:$C$5059,'Invoice Lines'!$A$5:$A$5059,A103) -> 12 | G103: =AVERAGEIFS('Invoice Lines'!$D$5:$D$5059,'Invoice Lines'!$A$5:$A$5059,A103) -> 0.42 | H103: =SUMIFS('Invoice Lines'!$E$5:$E$5059,'Invoice Lines'!$A$5:$A$5059,A103) -> 5.04 | I103: =Regression!$B$14+Regression!$B$12*E103+Regression!$B$13*F103 -> 71.206488 | J103: =H103-I103 -> -66.166488
A104: 536569 | B104: 16274 | C104: United Kingdom | D104: 40513.649 | E104: =COUNTIFS('Invoice Lines'!$A$5:$A$5059,A104) -> 63 | F104: =SUMIFS('Invoice Lines'!$C$5:$C$5059,'Invoice Lines'!$A$5:$A$5059,A104) -> 151 | G104: =AVERAGEIFS('Invoice Lines'!$D$5:$D$5059,'Invoice Lines'!$A$5:$A$5059,A104) -> 4.1301587 | H104: =SUMIFS('Invoice Lines'!$E$5:$E$5059,'Invoice Lines'!$A$5:$A$5059,A104) -> 331.55 | I104: =Regression!$B$14+Regression!$B$12*E104+Regression!$B$13*F104 -> 649.20427 | J104: =H104-I104 -> -317.65427
A105: 536570 | B105: 14496 | C105: United Kingdom | D105: 40513.649 | E105: =COUNTIFS('Invoice Lines'!$A$5:$A$5059,A105) -> 5 | F105: =SUMIFS('Invoice Lines'!$C$5:$C$5059,'Invoice Lines'!$A$5:$A$5059,A105) -> 86 | G105: =AVERAGEIFS('Invoice Lines'!$D$5:$D$5059,'Invoice Lines'!$A$5:$A$5059,A105) -> 5.358 | H105: =SUMIFS('Invoice Lines'!$E$5:$E$5059,'Invoice Lines'!$A$5:$A$5059,A105) -> 304.34 | I105: =Regression!$B$14+Regression!$B$12*E105+Regression!$B$13*F105 -> 170.02165 | J105: =H105-I105 -> 134.31835
A106: 536571 | B106: 14696 | C106: United Kingdom | D106: 40513.651 | E106: =COUNTIFS('Invoice Lines'!$A$5:$A$5059,A106) -> 18 | F106: =SUMIFS('Invoice Lines'!$C$5:$C$5059,'Invoice Lines'!$A$5:$A$5059,A106) -> 284 | G106: =AVERAGEIFS('Invoice Lines'!$D$5:$D$5059,'Invoice Lines'!$A$5:$A$5059,A106) -> 2.3216667 | H106: =SUMIFS('Invoice Lines'!$E$5:$E$5059,'Invoice Lines'!$A$5:$A$5059,A106) -> 294.62 | I106: =Regression!$B$14+Regression!$B$12*E106+Regression!$B$13*F106 -> 450.963 | J106: =H106-I106 -> -156.343
A107: 536572 | B107: 16539 | C107: United Kingdom | D107: 40513.653 | E107: =COUNTIFS('Invoice Lines'!$A$5:$A$5059,A107) -> 21 | F107: =SUMIFS('Invoice Lines'!$C$5:$C$5059,'Invoice Lines'!$A$5:$A$5059,A107) -> 301 | G107: =AVERAGEIFS('Invoice Lines'!$D$5:$D$5059,'Invoice Lines'!$A$5:$A$5059,A107) -> 2.4071429 | H107: =SUMIFS('Invoice Lines'!$E$5:$E$5059,'Invoice Lines'!$A$5:$A$5059,A107) -> 442.35 | I107: =Regression!$B$14+Regression!$B$12*E107+Regression!$B$13*F107 -> 488.65072 | J107: =H107-I107 -> -46.300723
A108: 536573 | B108: 17025 | C108: United Kingdom | D108: 40513.656 | E108: =COUNTIFS('Invoice Lines'!$A$5:$A$5059,A108) -> 4 | F108: =SUMIFS('Invoice Lines'!$C$5:$C$5059,'Invoice Lines'!$A$5:$A$5059,A108) -> 136 | G108: =AVERAGEIFS('Invoice Lines'!$D$5:$D$5059,'Invoice Lines'!$A$5:$A$5059,A108) -> 0.9775 | H108: =SUMIFS('Invoice Lines'!$E$5:$E$5059,'Invoice Lines'!$A$5:$A$5059,A108) -> 143.12 | I108: =Regression!$B$14+Regression!$B$12*E108+Regression!$B$13*F108 -> 210.12356 | J108: =H108-I108 -> -67.003558
A109: 536574 | B109: 17025 | C109: United Kingdom | D109: 40513.657 | E109: =COUNTIFS('Invoice Lines'!$A$5:$A$5059,A109) -> 1 | F109: =SUMIFS('Invoice Lines'!$C$5:$C$5059,'Invoice Lines'!$A$5:$A$5059,A109) -> 3 | G109: =AVERAGEIFS('Invoice Lines'!$D$5:$D$5059,'Invoice Lines'!$A$5:$A$5059,A109) -> 5.95 | H109: =SUMIFS('Invoice Lines'!$E$5:$E$5059,'Invoice Lines'!$A$5:$A$5059,A109) -> 17.85 | I109: =Regression!$B$14+Regression!$B$12*E109+Regression!$B$13*F109 -> 62.69187 | J109: =H109-I109 -> -44.84187
A110: 536575 | B110: 13777 | C110: United Kingdom | D110: 40513.667 | E110: =COUNTIFS('Invoice Lines'!$A$5:$A$5059,A110) -> 8 | F110: =SUMIFS('Invoice Lines'!$C$5:$C$5059,'Invoice Lines'!$A$5:$A$5059,A110) -> 858 | G110: =AVERAGEIFS('Invoice Lines'!$D$5:$D$5059,'Invoice Lines'!$A$5:$A$5059,A110) -> 2.09875 | H110: =SUMIFS('Invoice Lines'!$E$5:$E$5059,'Invoice Lines'!$A$5:$A$5059,A110) -> 1552.98 | I110: =Regression!$B$14+Regression!$B$12*E110+Regression!$B$13*F110 -> 921.99119 | J110: =H110-I110 -> 630.98881
A111: 536576 | B111: 13777 | C111: United Kingdom | D111: 40513.674 | E111: =COUNTIFS('Invoice Lines'!$A$5:$A$5059,A111) -> 16 | F111: =SUMIFS('Invoice Lines'!$C$5:$C$5059,'Invoice Lines'!$A$5:$A$5059,A111) -> 1122 | G111: =AVERAGEIFS('Invoice Lines'!$D$5:$D$5059,'Invoice Lines'!$A$5:$A$5059,A111) -> 2.30625 | H111: =SUMIFS('Invoice Lines'!$E$5:$E$5059,'Invoice Lines'!$A$5:$A$5059,A111) -> 2558.42 | I111: =Regression!$B$14+Regression!$B$12*E111+Regression!$B$13*F111 -> 1229.3655 | J111: =H111-I111 -> 1329.0545
A112: 536577 | B112: 13777 | C112: United Kingdom | D112: 40513.676 | E112: =COUNTIFS('Invoice Lines'!$A$5:$A$5059,A112) -> 4 | F112: =SUMIFS('Invoice Lines'!$C$5:$C$5059,'Invoice Lines'!$A$5:$A$5059,A112) -> 388 | G112: =AVERAGEIFS('Invoice Lines'!$D$5:$D$5059,'Invoice Lines'!$A$5:$A$5059,A112) -> 1.3 | H112: =SUMIFS('Invoice Lines'!$E$5:$E$5059,'Invoice Lines'!$A$5:$A$5059,A112) -> 497 | I112: =Regression!$B$14+Regression!$B$12*E112+Regression!$B$13*F112 -> 448.53285 | J112: =H112-I112 -> 48.467148
... A125: 536591 | B125: 14606 | C125: United Kingdom | D125: 40513.706 | E125: =COUNTIFS('Invoice Lines'!$A$5:$A$5059,A125) -> 40 | F125: =SUMIFS('Invoice Lines'!$C$5:$C$5059,'Invoice Lines'!$A$5:$A$5059,A125) -> 93 | G125: =AVERAGEIFS('Invoice Lines'!$D$5:$D$5059,'Invoice Lines'!$A$5:$A$5059,A125) -> 2.94875 | H125: =SUMIFS('Invoice Lines'!$E$5:$E$5059,'Invoice Lines'!$A$5:$A$5059,A125) -> 198.32 | I125: =Regression!$B$14+Regression!$B$12*E125+Regression!$B$13*F125 -> 428.69733 | J125: =H125-I125 -> -230.37733
A126: 536592 | D126: 40513.713 | E126: =COUNTIFS('Invoice Lines'!$A$5:$A$5059,A126) -> 591 | F126: =SUMIFS('Invoice Lines'!$C$5:$C$5059,'Invoice Lines'!$A$5:$A$5059,A126) -> 1477 | G126: =AVERAGEIFS('Invoice Lines'!$D$5:$D$5059,'Invoice Lines'!$A$5:$A$5059,A126) -> 5.0843655 | H126: =SUMIFS('Invoice Lines'!$E$5:$E$5059,'Invoice Lines'!$A$5:$A$5059,A126) -> 6308.16 | I126: =Regression!$B$14+Regression!$B$12*E126+Regression!$B$13*F126 -> 5706.0939 | J126: =H126-I126 -> 602.06613
A127: 536593 | B127: 16835 | C127: United Kingdom | D127: 40513.719 | E127: =COUNTIFS('Invoice Lines'!$A$5:$A$5059,A127) -> 5 | F127: =SUMIFS('Invoice Lines'!$C$5:$C$5059,'Invoice Lines'!$A$5:$A$5059,A127) -> 19 | G127: =AVERAGEIFS('Invoice Lines'!$D$5:$D$5059,'Invoice Lines'!$A$5:$A$5059,A127) -> 5.34 | H127: =SUMIFS('Invoice Lines'!$E$5:$E$5059,'Invoice Lines'!$A$5:$A$5059,A127) -> 81.75 | I127: =Regression!$B$14+Regression!$B$12*E127+Regression!$B$13*F127 -> 106.63505 | J127: =H127-I127 -> -24.885049
A128: 536594 | B128: 15235 | C128: United Kingdom | D128: 40513.724 | E128: =COUNTIFS('Invoice Lines'!$A$5:$A$5059,A128) -> 5 | F128: =SUMIFS('Invoice Lines'!$C$5:$C$5059,'Invoice Lines'!$A$5:$A$5059,A128) -> 34 | G128: =AVERAGEIFS('Invoice Lines'!$D$5:$D$5059,'Invoice Lines'!$A$5:$A$5059,A128) -> 2.71 | H128: =SUMIFS('Invoice Lines'!$E$5:$E$5059,'Invoice Lines'!$A$5:$A$5059,A128) -> 79.5 | I128: =Regression!$B$14+Regression!$B$12*E128+Regression!$B$13*F128 -> 120.82608 | J128: =H128-I128 -> -41.326078
A129: 536595 | B129: 13576 | C129: United Kingdom | D129: 40513.725 | E129: =COUNTIFS('Invoice Lines'!$A$5:$A$5059,A129) -> 11 | F129: =SUMIFS('Invoice Lines'!$C$5:$C$5059,'Invoice Lines'!$A$5:$A$5059,A129) -> 108 | G129: =AVERAGEIFS('Invoice Lines'!$D$5:$D$5059,'Invoice Lines'!$A$5:$A$5059,A129) -> 3.2763636 | H129: =SUMIFS('Invoice Lines'!$E$5:$E$5059,'Invoice Lines'!$A$5:$A$5059,A129) -> 349.15 | I129: =Regression!$B$14+Regression!$B$12*E129+Regression!$B$13*F129 -> 234.04428 | J129: =H129-I129 -> 115.10572
A130: 536596 | D130: 40513.728 | E130: =COUNTIFS('Invoice Lines'!$A$5:$A$5059,A130) -> 6 | F130: =SUMIFS('Invoice Lines'!$C$5:$C$5059,'Invoice Lines'!$A$5:$A$5059,A130) -> 9 | G130: =AVERAGEIFS('Invoice Lines'!$D$5:$D$5059,'Invoice Lines'!$A$5:$A$5059,A130) -> 5.7233333 | H130: =SUMIFS('Invoice Lines'!$E$5:$E$5059,'Invoice Lines'!$A$5:$A$5059,A130) -> 38.09 | I130: =Regression!$B$14+Regression!$B$12*E130+Regression!$B$13*F130 -> 104.37588 | J130: =H130-I130 -> -66.285883
A131: 536597 | B131: 18011 | C131: United Kingdom | D131: 40513.733 | E131: =COUNTIFS('Invoice Lines'!$A$5:$A$5059,A131) -> 28 | F131: =SUMIFS('Invoice Lines'!$C$5:$C$5059,'Invoice Lines'!$A$5:$A$5059,A131) -> 71 | G131: =AVERAGEIFS('Invoice Lines'!$D$5:$D$5059,'Invoice Lines'!$A$5:$A$5059,A131) -> 2.3610714 | H131: =SUMIFS('Invoice Lines'!$E$5:$E$5059,'Invoice Lines'!$A$5:$A$5059,A131) -> 102.79 | I131: =Regression!$B$14+Regression!$B$12*E131+Regression!$B$13*F131 -> 321.46558 | J131: =H131-I131 -> -218.67558
A132: 536598 | B132: 13090 | C132: United Kingdom | D132: 40514.325 | E132: =COUNTIFS('Invoice Lines'!$A$5:$A$5059,A132) -> 4 | F132: =SUMIFS('Invoice Lines'!$C$5:$C$5059,'Invoice Lines'!$A$5:$A$5059,A132) -> 76 | G132: =AVERAGEIFS('Invoice Lines'!$D$5:$D$5059,'Invoice Lines'!$A$5:$A$5059,A132) -> 1.9 | H132: =SUMIFS('Invoice Lines'!$E$5:$E$5059,'Invoice Lines'!$A$5:$A$5059,A132) -> 160.6 | I132: =Regression!$B$14+Regression!$B$12*E132+Regression!$B$13*F132 -> 153.35944 | J132: =H132-I132 -> 7.2405596
A133: 536599 | B133: 15694 | C133: United Kingdom | D133: 40514.326 | E133: =COUNTIFS('Invoice Lines'!$A$5:$A$5059,A133) -> 6 | F133: =SUMIFS('Invoice Lines'!$C$5:$C$5059,'Invoice Lines'!$A$5:$A$5059,A133) -> 80 | G133: =AVERAGEIFS('Invoice Lines'!$D$5:$D$5059,'Invoice Lines'!$A$5:$A$5059,A133) -> 5.3583333 | H133: =SUMIFS('Invoice Lines'!$E$5:$E$5059,'Invoice Lines'!$A$5:$A$5059,A133) -> 306.4 | I133: =Regression!$B$14+Regression!$B$12*E133+Regression!$B$13*F133 -> 171.54676 | J133: =H133-I133 -> 134.85324
A134: 536600 | B134: 17850 | C134: United Kingdom | D134: 40514.356 | E134: =COUNTIFS('Invoice Lines'!$A$5:$A$5059,A134) -> 12 | F134: =SUMIFS('Invoice Lines'!$C$5:$C$5059,'Invoice Lines'!$A$5:$A$5059,A134) -> 56 | G134: =AVERAGEIFS('Invoice Lines'!$D$5:$D$5059,'Invoice Lines'!$A$5:$A$5059,A134) -> 6.5475 | H134: =SUMIFS('Invoice Lines'!$E$5:$E$5059,'Invoice Lines'!$A$5:$A$5059,A134) -> 251.62 | I134: =Regression!$B$14+Regression!$B$12*E134+Regression!$B$13*F134 -> 192.05023 | J134: =H134-I134 -> 59.569772
A135: 536601 | B135: 17850 | C135: United Kingdom | D135: 40514.356 | E135: =COUNTIFS('Invoice Lines'!$A$5:$A$5059,A135) -> 2 | F135: =SUMIFS('Invoice Lines'!$C$5:$C$5059,'Invoice Lines'!$A$5:$A$5059,A135) -> 12 | G135: =AVERAGEIFS('Invoice Lines'!$D$5:$D$5059,'Invoice Lines'!$A$5:$A$5059,A135) -> 1.85 | H135: =SUMIFS('Invoice Lines'!$E$5:$E$5059,'Invoice Lines'!$A$5:$A$5059,A135) -> 22.2 | I135: =Regression!$B$14+Regression!$B$12*E135+Regression!$B$13*F135 -> 78.408008 | J135: =H135-I135 -> -56.208008
A136: 536602 | B136: 17850 | C136: United Kingdom | D136: 40514.357 | E136: =COUNTIFS('Invoice Lines'!$A$5:$A$5059,A136) -> 12 | F136: =SUMIFS('Invoice Lines'!$C$5:$C$5059,'Invoice Lines'!$A$5:$A$5059,A136) -> 64 | G136: =AVERAGEIFS('Invoice Lines'!$D$5:$D$5059,'Invoice Lines'!$A$5:$A$5059,A136) -> 2.955 | H136: =SUMIFS('Invoice Lines'!$E$5:$E$5059,'Invoice Lines'!$A$5:$A$5059,A136) -> 163.76 | I136: =Regression!$B$14+Regression!$B$12*E136+Regression!$B$13*F136 -> 199.61878 | J136: =H136-I136 -> -35.858777
A137: 536603 | B137: 17850 | C137: United Kingdom | D137: 40514.361 | E137: =COUNTIFS('Invoice Lines'!$A$5:$A$5059,A137) -> 2 | F137: =SUMIFS('Invoice Lines'!$C$5:$C$5059,'Invoice Lines'!$A$5:$A$5059,A137) -> 12 | G137: =AVERAGEIFS('Invoice Lines'!$D$5:$D$5059,'Invoice Lines'!$A$5:$A$5059,A137) -> 1.85 | H137: =SUMIFS('Invoice Lines'!$E$5:$E$5059,'Invoice Lines'!$A$5:$A$5059,A137) -> 22.2 | I137: =Regression!$B$14+Regression!$B$12*E137+Regression!$B$13*F137 -> 78.408008 | J137: =H137-I137 -> -56.208008
A138: 536604 | B138: 14741 | C138: United Kingdom | D138: 40514.363 | E138: =COUNTIFS('Invoice Lines'!$A$5:$A$5059,A138) -> 9 | F138: =SUMIFS('Invoice Lines'!$C$5:$C$5059,'Invoice Lines'!$A$5:$A$5059,A138) -> 114 | G138: =AVERAGEIFS('Invoice Lines'!$D$5:$D$5059,'Invoice Lines'!$A$5:$A$5059,A138) -> 1.7944444 | H138: =SUMIFS('Invoice Lines'!$E$5:$E$5059,'Invoice Lines'!$A$5:$A$5059,A138) -> 184.5 | I138: =Regression!$B$14+Regression!$B$12*E138+Regression!$B$13*F138 -> 225.31765 | J138: =H138-I138 -> -40.817649
A139: 536605 | B139: 13715 | C139: United Kingdom | D139: 40514.369 | E139: =COUNTIFS('Invoice Lines'!$A$5:$A$5059,A139) -> 15 | F139: =SUMIFS('Invoice Lines'!$C$5:$C$5059,'Invoice Lines'!$A$5:$A$5059,A139) -> 107 | G139: =AVERAGEIFS('Invoice Lines'!$D$5:$D$5059,'Invoice Lines'!$A$5:$A$5059,A139) -> 3.32 | H139: =SUMIFS('Invoice Lines'!$E$5:$E$5059,'Invoice Lines'!$A$5:$A$5059,A139) -> 272.65 | I139: =Regression!$B$14+Regression!$B$12*E139+Regression!$B$13*F139 -> 261.90429 | J139: =H139-I139 -> 10.745711
A140: 536607 | B140: 17732 | C140: United Kingdom | D140: 40514.395 | E140: =COUNTIFS('Invoice Lines'!$A$5:$A$5059,A140) -> 18 | F140: =SUMIFS('Invoice Lines'!$C$5:$C$5059,'Invoice Lines'!$A$5:$A$5059,A140) -> 93 | G140: =AVERAGEIFS('Invoice Lines'!$D$5:$D$5059,'Invoice Lines'!$A$5:$A$5059,A140) -> 4.9494444 | H140: =SUMIFS('Invoice Lines'!$E$5:$E$5059,'Invoice Lines'!$A$5:$A$5059,A140) -> 303.97 | I140: =Regression!$B$14+Regression!$B$12*E140+Regression!$B$13*F140 -> 270.26389 | J140: =H140-I140 -> 33.706112
A141: 536608 | B141: 12855 | C141: United Kingdom | D141: 40514.401 | E141: =COUNTIFS('Invoice Lines'!$A$5:$A$5059,A141) -> 3 | F141: =SUMIFS('Invoice Lines'!$C$5:$C$5059,'Invoice Lines'!$A$5:$A$5059,A141) -> 30 | G141: =AVERAGEIFS('Invoice Lines'!$D$5:$D$5059,'Invoice Lines'!$A$5:$A$5059,A141) -> 1.55 | H141: =SUMIFS('Invoice Lines'!$E$5:$E$5059,'Invoice Lines'!$A$5:$A$5059,A141) -> 38.1 | I141: =Regression!$B$14+Regression!$B$12*E141+Regression!$B$13*F141 -> 102.63876 | J141: =H141-I141 -> -64.538763
A142: 536609 | B142: 17850 | C142: United Kingdom | D142: 40514.403 | E142: =COUNTIFS('Invoice Lines'!$A$5:$A$5059,A142) -> 16 | F142: =SUMIFS('Invoice Lines'!$C$5:$C$5059,'Invoice Lines'!$A$5:$A$5059,A142) -> 88 | G142: =AVERAGEIFS('Invoice Lines'!$D$5:$D$5059,'Invoice Lines'!$A$5:$A$5059,A142) -> 3.113125 | H142: =SUMIFS('Invoice Lines'!$E$5:$E$5059,'Invoice Lines'!$A$5:$A$5059,A142) -> 244.46 | I142: =Regression!$B$14+Regression!$B$12*E142+Regression!$B$13*F142 -> 251.1305 | J142: =H142-I142 -> -6.6705048
... A170: 536639 | B170: 15111 | C170: United Kingdom | D170: 40514.49 | E170: =COUNTIFS('Invoice Lines'!$A$5:$A$5059,A170) -> 16 | F170: =SUMIFS('Invoice Lines'!$C$5:$C$5059,'Invoice Lines'!$A$5:$A$5059,A170) -> 106 | G170: =AVERAGEIFS('Invoice Lines'!$D$5:$D$5059,'Invoice Lines'!$A$5:$A$5059,A170) -> 4.05 | H170: =SUMIFS('Invoice Lines'!$E$5:$E$5059,'Invoice Lines'!$A$5:$A$5059,A170) -> 288.5 | I170: =Regression!$B$14+Regression!$B$12*E170+Regression!$B$13*F170 -> 268.15974 | J170: =H170-I170 -> 20.34026
A171: 536640 | D171: 40514.49 | E171: =COUNTIFS('Invoice Lines'!$A$5:$A$5059,A171) -> 11 | F171: =SUMIFS('Invoice Lines'!$C$5:$C$5059,'Invoice Lines'!$A$5:$A$5059,A171) -> 11 | G171: =AVERAGEIFS('Invoice Lines'!$D$5:$D$5059,'Invoice Lines'!$A$5:$A$5059,A171) -> 4.1681818 | H171: =SUMIFS('Invoice Lines'!$E$5:$E$5059,'Invoice Lines'!$A$5:$A$5059,A171) -> 45.85 | I171: =Regression!$B$14+Regression!$B$12*E171+Regression!$B$13*F171 -> 142.27562 | J171: =H171-I171 -> -96.42562
A172: 536641 | B172: 12748 | C172: United Kingdom | D172: 40514.49 | E172: =COUNTIFS('Invoice Lines'!$A$5:$A$5059,A172) -> 1 | F172: =SUMIFS('Invoice Lines'!$C$5:$C$5059,'Invoice Lines'!$A$5:$A$5059,A172) -> 1 | G172: =AVERAGEIFS('Invoice Lines'!$D$5:$D$5059,'Invoice Lines'!$A$5:$A$5059,A172) -> 4.25 | H172: =SUMIFS('Invoice Lines'!$E$5:$E$5059,'Invoice Lines'!$A$5:$A$5059,A172) -> 4.25 | I172: =Regression!$B$14+Regression!$B$12*E172+Regression!$B$13*F172 -> 60.799733 | J172: =H172-I172 -> -56.549733
A173: 536643 | B173: 14390 | C173: United Kingdom | D173: 40514.498 | E173: =COUNTIFS('Invoice Lines'!$A$5:$A$5059,A173) -> 27 | F173: =SUMIFS('Invoice Lines'!$C$5:$C$5059,'Invoice Lines'!$A$5:$A$5059,A173) -> 74 | G173: =AVERAGEIFS('Invoice Lines'!$D$5:$D$5059,'Invoice Lines'!$A$5:$A$5059,A173) -> 3.2574074 | H173: =SUMIFS('Invoice Lines'!$E$5:$E$5059,'Invoice Lines'!$A$5:$A$5059,A173) -> 223.7 | I173: =Regression!$B$14+Regression!$B$12*E173+Regression!$B$13*F173 -> 317.10226 | J173: =H173-I173 -> -93.402265
A174: 536663 | B174: 16546 | C174: United Kingdom | D174: 40514.505 | E174: =COUNTIFS('Invoice Lines'!$A$5:$A$5059,A174) -> 6 | F174: =SUMIFS('Invoice Lines'!$C$5:$C$5059,'Invoice Lines'!$A$5:$A$5059,A174) -> 156 | G174: =AVERAGEIFS('Invoice Lines'!$D$5:$D$5059,'Invoice Lines'!$A$5:$A$5059,A174) -> 1.8416667 | H174: =SUMIFS('Invoice Lines'!$E$5:$E$5059,'Invoice Lines'!$A$5:$A$5059,A174) -> 299.4 | I174: =Regression!$B$14+Regression!$B$12*E174+Regression!$B$13*F174 -> 243.44797 | J174: =H174-I174 -> 55.952029
A175: 536667 | B175: 15260 | C175: United Kingdom | D175: 40514.506 | E175: =COUNTIFS('Invoice Lines'!$A$5:$A$5059,A175) -> 16 | F175: =SUMIFS('Invoice Lines'!$C$5:$C$5059,'Invoice Lines'!$A$5:$A$5059,A175) -> 214 | G175: =AVERAGEIFS('Invoice Lines'!$D$5:$D$5059,'Invoice Lines'!$A$5:$A$5059,A175) -> 3.18125 | H175: =SUMIFS('Invoice Lines'!$E$5:$E$5059,'Invoice Lines'!$A$5:$A$5059,A175) -> 362.5 | I175: =Regression!$B$14+Regression!$B$12*E175+Regression!$B$13*F175 -> 370.33515 | J175: =H175-I175 -> -7.8351518
A176: 536670 | B176: 15260 | C176: United Kingdom | D176: 40514.506 | E176: =COUNTIFS('Invoice Lines'!$A$5:$A$5059,A176) -> 1 | F176: =SUMIFS('Invoice Lines'!$C$5:$C$5059,'Invoice Lines'!$A$5:$A$5059,A176) -> 40 | G176: =AVERAGEIFS('Invoice Lines'!$D$5:$D$5059,'Invoice Lines'!$A$5:$A$5059,A176) -> 1.45 | H176: =SUMIFS('Invoice Lines'!$E$5:$E$5059,'Invoice Lines'!$A$5:$A$5059,A176) -> 58 | I176: =Regression!$B$14+Regression!$B$12*E176+Regression!$B$13*F176 -> 97.69641 | J176: =H176-I176 -> -39.69641
A177: 536671 | B177: 13305 | C177: United Kingdom | D177: 40514.507 | E177: =COUNTIFS('Invoice Lines'!$A$5:$A$5059,A177) -> 5 | F177: =SUMIFS('Invoice Lines'!$C$5:$C$5059,'Invoice Lines'!$A$5:$A$5059,A177) -> 132 | G177: =AVERAGEIFS('Invoice Lines'!$D$5:$D$5059,'Invoice Lines'!$A$5:$A$5059,A177) -> 1.09 | H177: =SUMIFS('Invoice Lines'!$E$5:$E$5059,'Invoice Lines'!$A$5:$A$5059,A177) -> 136.2 | I177: =Regression!$B$14+Regression!$B$12*E177+Regression!$B$13*F177 -> 213.5408 | J177: =H177-I177 -> -77.340804
A178: 536672 | B178: 14491 | C178: United Kingdom | D178: 40514.507 | E178: =COUNTIFS('Invoice Lines'!$A$5:$A$5059,A178) -> 4 | F178: =SUMIFS('Invoice Lines'!$C$5:$C$5059,'Invoice Lines'!$A$5:$A$5059,A178) -> 40 | G178: =AVERAGEIFS('Invoice Lines'!$D$5:$D$5059,'Invoice Lines'!$A$5:$A$5059,A178) -> 4.15 | H178: =SUMIFS('Invoice Lines'!$E$5:$E$5059,'Invoice Lines'!$A$5:$A$5059,A178) -> 127.2 | I178: =Regression!$B$14+Regression!$B$12*E178+Regression!$B$13*F178 -> 119.30097 | J178: =H178-I178 -> 7.8990302
A179: 536673 | B179: 14060 | C179: United Kingdom | D179: 40514.508 | E179: =COUNTIFS('Invoice Lines'!$A$5:$A$5059,A179) -> 8 | F179: =SUMIFS('Invoice Lines'!$C$5:$C$5059,'Invoice Lines'!$A$5:$A$5059,A179) -> 504 | G179: =AVERAGEIFS('Invoice Lines'!$D$5:$D$5059,'Invoice Lines'!$A$5:$A$5059,A179) -> 0.73875 | H179: =SUMIFS('Invoice Lines'!$E$5:$E$5059,'Invoice Lines'!$A$5:$A$5059,A179) -> 339.84 | I179: =Regression!$B$14+Regression!$B$12*E179+Regression!$B$13*F179 -> 587.08289 | J179: =H179-I179 -> -247.24289
A180: 536674 | B180: 15923 | C180: United Kingdom | D180: 40514.511 | E180: =COUNTIFS('Invoice Lines'!$A$5:$A$5059,A180) -> 21 | F180: =SUMIFS('Invoice Lines'!$C$5:$C$5059,'Invoice Lines'!$A$5:$A$5059,A180) -> 122 | G180: =AVERAGEIFS('Invoice Lines'!$D$5:$D$5059,'Invoice Lines'!$A$5:$A$5059,A180) -> 2.8147619 | H180: =SUMIFS('Invoice Lines'!$E$5:$E$5059,'Invoice Lines'!$A$5:$A$5059,A180) -> 127.08 | I180: =Regression!$B$14+Regression!$B$12*E180+Regression!$B$13*F180 -> 319.30444 | J180: =H180-I180 -> -192.22444
A181: 536676 | B181: 16752 | C181: United Kingdom | D181: 40514.512 | E181: =COUNTIFS('Invoice Lines'!$A$5:$A$5059,A181) -> 9 | F181: =SUMIFS('Invoice Lines'!$C$5:$C$5059,'Invoice Lines'!$A$5:$A$5059,A181) -> 54 | G181: =AVERAGEIFS('Invoice Lines'!$D$5:$D$5059,'Invoice Lines'!$A$5:$A$5059,A181) -> 13.594444 | H181: =SUMIFS('Invoice Lines'!$E$5:$E$5059,'Invoice Lines'!$A$5:$A$5059,A181) -> 207.5 | I181: =Regression!$B$14+Regression!$B$12*E181+Regression!$B$13*F181 -> 168.55353 | J181: =H181-I181 -> 38.946469
A182: 536681 | B182: 17287 | C182: United Kingdom | D182: 40514.515 | E182: =COUNTIFS('Invoice Lines'!$A$5:$A$5059,A182) -> 13 | F182: =SUMIFS('Invoice Lines'!$C$5:$C$5059,'Invoice Lines'!$A$5:$A$5059,A182) -> 46 | G182: =AVERAGEIFS('Invoice Lines'!$D$5:$D$5059,'Invoice Lines'!$A$5:$A$5059,A182) -> 2.8107692 | H182: =SUMIFS('Invoice Lines'!$E$5:$E$5059,'Invoice Lines'!$A$5:$A$5059,A182) -> 113.92 | I182: =Regression!$B$14+Regression!$B$12*E182+Regression!$B$13*F182 -> 189.79106 | J182: =H182-I182 -> -75.871062
A183: 536685 | B183: 17850 | C183: United Kingdom | D183: 40514.516 | E183: =COUNTIFS('Invoice Lines'!$A$5:$A$5059,A183) -> 17 | F183: =SUMIFS('Invoice Lines'!$C$5:$C$5059,'Invoice Lines'!$A$5:$A$5059,A183) -> 108 | G183: =AVERAGEIFS('Invoice Lines'!$D$5:$D$5059,'Invoice Lines'!$A$5:$A$5059,A183) -> 5.0329412 | H183: =SUMIFS('Invoice Lines'!$E$5:$E$5059,'Invoice Lines'!$A$5:$A$5059,A183) -> 380.46 | I183: =Regression!$B$14+Regression!$B$12*E183+Regression!$B$13*F183 -> 277.2534 | J183: =H183-I183 -> 103.2066
... A209: 536754 | B209: 14449 | C209: United Kingdom | D209: 40514.59 | E209: =COUNTIFS('Invoice Lines'!$A$5:$A$5059,A209) -> 50 | F209: =SUMIFS('Invoice Lines'!$C$5:$C$5059,'Invoice Lines'!$A$5:$A$5059,A209) -> 142 | G209: =AVERAGEIFS('Invoice Lines'!$D$5:$D$5059,'Invoice Lines'!$A$5:$A$5059,A209) -> 1.7358 | H209: =SUMIFS('Invoice Lines'!$E$5:$E$5059,'Invoice Lines'!$A$5:$A$5059,A209) -> 210.24 | I209: =Regression!$B$14+Regression!$B$12*E209+Regression!$B$13*F209 -> 547.06989 | J209: =H209-I209 -> -336.82989
A210: 536755 | D210: 40514.593 | E210: =COUNTIFS('Invoice Lines'!$A$5:$A$5059,A210) -> 15 | F210: =SUMIFS('Invoice Lines'!$C$5:$C$5059,'Invoice Lines'!$A$5:$A$5059,A210) -> 15 | G210: =AVERAGEIFS('Invoice Lines'!$D$5:$D$5059,'Invoice Lines'!$A$5:$A$5059,A210) -> 3.6166667 | H210: =SUMIFS('Invoice Lines'!$E$5:$E$5059,'Invoice Lines'!$A$5:$A$5059,A210) -> 54.25 | I210: =Regression!$B$14+Regression!$B$12*E210+Regression!$B$13*F210 -> 174.86598 | J210: =H210-I210 -> -120.61598
A211: 536756 | D211: 40514.599 | E211: =COUNTIFS('Invoice Lines'!$A$5:$A$5059,A211) -> 19 | F211: =SUMIFS('Invoice Lines'!$C$5:$C$5059,'Invoice Lines'!$A$5:$A$5059,A211) -> 23 | G211: =AVERAGEIFS('Invoice Lines'!$D$5:$D$5059,'Invoice Lines'!$A$5:$A$5059,A211) -> 3.35 | H211: =SUMIFS('Invoice Lines'!$E$5:$E$5059,'Invoice Lines'!$A$5:$A$5059,A211) -> 66.65 | I211: =Regression!$B$14+Regression!$B$12*E211+Regression!$B$13*F211 -> 211.2406 | J211: =H211-I211 -> -144.5906
A212: 536759 | B212: 16781 | C212: United Kingdom | D212: 40514.601 | E212: =COUNTIFS('Invoice Lines'!$A$5:$A$5059,A212) -> 17 | F212: =SUMIFS('Invoice Lines'!$C$5:$C$5059,'Invoice Lines'!$A$5:$A$5059,A212) -> 113 | G212: =AVERAGEIFS('Invoice Lines'!$D$5:$D$5059,'Invoice Lines'!$A$5:$A$5059,A212) -> 5.0088235 | H212: =SUMIFS('Invoice Lines'!$E$5:$E$5059,'Invoice Lines'!$A$5:$A$5059,A212) -> 311.25 | I212: =Regression!$B$14+Regression!$B$12*E212+Regression!$B$13*F212 -> 281.98374 | J212: =H212-I212 -> 29.266259
A213: 536761 | B213: 13491 | C213: United Kingdom | D213: 40514.604 | E213: =COUNTIFS('Invoice Lines'!$A$5:$A$5059,A213) -> 7 | F213: =SUMIFS('Invoice Lines'!$C$5:$C$5059,'Invoice Lines'!$A$5:$A$5059,A213) -> 36 | G213: =AVERAGEIFS('Invoice Lines'!$D$5:$D$5059,'Invoice Lines'!$A$5:$A$5059,A213) -> 4.5571429 | H213: =SUMIFS('Invoice Lines'!$E$5:$E$5059,'Invoice Lines'!$A$5:$A$5059,A213) -> 98.9 | I213: =Regression!$B$14+Regression!$B$12*E213+Regression!$B$13*F213 -> 137.12126 | J213: =H213-I213 -> -38.221256
A214: 536762 | B214: 16186 | C214: United Kingdom | D214: 40514.611 | E214: =COUNTIFS('Invoice Lines'!$A$5:$A$5059,A214) -> 20 | F214: =SUMIFS('Invoice Lines'!$C$5:$C$5059,'Invoice Lines'!$A$5:$A$5059,A214) -> 231 | G214: =AVERAGEIFS('Invoice Lines'!$D$5:$D$5059,'Invoice Lines'!$A$5:$A$5059,A214) -> 1.923 | H214: =SUMIFS('Invoice Lines'!$E$5:$E$5059,'Invoice Lines'!$A$5:$A$5059,A214) -> 307.68 | I214: =Regression!$B$14+Regression!$B$12*E214+Regression!$B$13*F214 -> 415.2244 | J214: =H214-I214 -> -107.5444
A215: 536763 | B215: 17685 | C215: United Kingdom | D215: 40514.613 | E215: =COUNTIFS('Invoice Lines'!$A$5:$A$5059,A215) -> 12 | F215: =SUMIFS('Invoice Lines'!$C$5:$C$5059,'Invoice Lines'!$A$5:$A$5059,A215) -> 331 | G215: =AVERAGEIFS('Invoice Lines'!$D$5:$D$5059,'Invoice Lines'!$A$5:$A$5059,A215) -> 1.5533333 | H215: =SUMIFS('Invoice Lines'!$E$5:$E$5059,'Invoice Lines'!$A$5:$A$5059,A215) -> 452.52 | I215: =Regression!$B$14+Regression!$B$12*E215+Regression!$B$13*F215 -> 452.2191 | J215: =H215-I215 -> 0.30089927
A216: 536769 | B216: 17581 | C216: United Kingdom | D216: 40514.616 | E216: =COUNTIFS('Invoice Lines'!$A$5:$A$5059,A216) -> 31 | F216: =SUMIFS('Invoice Lines'!$C$5:$C$5059,'Invoice Lines'!$A$5:$A$5059,A216) -> 375 | G216: =AVERAGEIFS('Invoice Lines'!$D$5:$D$5059,'Invoice Lines'!$A$5:$A$5059,A216) -> 2.5516129 | H216: =SUMIFS('Invoice Lines'!$E$5:$E$5059,'Invoice Lines'!$A$5:$A$5059,A216) -> 668.4 | I216: =Regression!$B$14+Regression!$B$12*E216+Regression!$B$13*F216 -> 630.675 | J216: =H216-I216 -> 37.724998
A217: 536771 | B217: 17581 | C217: United Kingdom | D217: 40514.617 | E217: =COUNTIFS('Invoice Lines'!$A$5:$A$5059,A217) -> 7 | F217: =SUMIFS('Invoice Lines'!$C$5:$C$5059,'Invoice Lines'!$A$5:$A$5059,A217) -> 66 | G217: =AVERAGEIFS('Invoice Lines'!$D$5:$D$5059,'Invoice Lines'!$A$5:$A$5059,A217) -> 2.0128571 | H217: =SUMIFS('Invoice Lines'!$E$5:$E$5059,'Invoice Lines'!$A$5:$A$5059,A217) -> 118.38 | I217: =Regression!$B$14+Regression!$B$12*E217+Regression!$B$13*F217 -> 165.50331 | J217: =H217-I217 -> -47.123314
A218: 536777 | B218: 15732 | C218: United Kingdom | D218: 40514.625 | E218: =COUNTIFS('Invoice Lines'!$A$5:$A$5059,A218) -> 5 | F218: =SUMIFS('Invoice Lines'!$C$5:$C$5059,'Invoice Lines'!$A$5:$A$5059,A218) -> 97 | G218: =AVERAGEIFS('Invoice Lines'!$D$5:$D$5059,'Invoice Lines'!$A$5:$A$5059,A218) -> 1.844 | H218: =SUMIFS('Invoice Lines'!$E$5:$E$5059,'Invoice Lines'!$A$5:$A$5059,A218) -> 138.1 | I218: =Regression!$B$14+Regression!$B$12*E218+Regression!$B$13*F218 -> 180.4284 | J218: =H218-I218 -> -42.328402
A219: 536778 | B219: 13138 | C219: United Kingdom | D219: 40514.627 | E219: =COUNTIFS('Invoice Lines'!$A$5:$A$5059,A219) -> 14 | F219: =SUMIFS('Invoice Lines'!$C$5:$C$5059,'Invoice Lines'!$A$5:$A$5059,A219) -> 125 | G219: =AVERAGEIFS('Invoice Lines'!$D$5:$D$5059,'Invoice Lines'!$A$5:$A$5059,A219) -> 2.7657143 | H219: =SUMIFS('Invoice Lines'!$E$5:$E$5059,'Invoice Lines'!$A$5:$A$5059,A219) -> 193.23 | I219: =Regression!$B$14+Regression!$B$12*E219+Regression!$B$13*F219 -> 271.732 | J219: =H219-I219 -> -78.502004
A220: 536780 | D220: 40514.631 | E220: =COUNTIFS('Invoice Lines'!$A$5:$A$5059,A220) -> 4 | F220: =SUMIFS('Invoice Lines'!$C$5:$C$5059,'Invoice Lines'!$A$5:$A$5059,A220) -> 4 | G220: =AVERAGEIFS('Invoice Lines'!$D$5:$D$5059,'Invoice Lines'!$A$5:$A$5059,A220) -> 3.2 | H220: =SUMIFS('Invoice Lines'!$E$5:$E$5059,'Invoice Lines'!$A$5:$A$5059,A220) -> 12.8 | I220: =Regression!$B$14+Regression!$B$12*E220+Regression!$B$13*F220 -> 85.242499 | J220: =H220-I220 -> -72.442499
A221: 536781 | B221: 17460 | C221: United Kingdom | D221: 40514.635 | E221: =COUNTIFS('Invoice Lines'!$A$5:$A$5059,A221) -> 1 | F221: =SUMIFS('Invoice Lines'!$C$5:$C$5059,'Invoice Lines'!$A$5:$A$5059,A221) -> 24 | G221: =AVERAGEIFS('Invoice Lines'!$D$5:$D$5059,'Invoice Lines'!$A$5:$A$5059,A221) -> 2.1 | H221: =SUMIFS('Invoice Lines'!$E$5:$E$5059,'Invoice Lines'!$A$5:$A$5059,A221) -> 50.4 | I221: =Regression!$B$14+Regression!$B$12*E221+Regression!$B$13*F221 -> 82.559312 | J221: =H221-I221 -> -32.159312
A222: 536782 | B222: 17567 | C222: United Kingdom | D222: 40514.637 | E222: =COUNTIFS('Invoice Lines'!$A$5:$A$5059,A222) -> 27 | F222: =SUMIFS('Invoice Lines'!$C$5:$C$5059,'Invoice Lines'!$A$5:$A$5059,A222) -> 244 | G222: =AVERAGEIFS('Invoice Lines'!$D$5:$D$5059,'Invoice Lines'!$A$5:$A$5059,A222) -> 3.5111111 | H222: =SUMIFS('Invoice Lines'!$E$5:$E$5059,'Invoice Lines'!$A$5:$A$5059,A222) -> 517.95 | I222: =Regression!$B$14+Regression!$B$12*E222+Regression!$B$13*F222 -> 477.93393 | J222: =H222-I222 -> 40.016069
A223: 536783 | B223: 15061 | C223: United Kingdom | D223: 40514.638 | E223: =COUNTIFS('Invoice Lines'!$A$5:$A$5059,A223) -> 38 | F223: =SUMIFS('Invoice Lines'!$C$5:$C$5059,'Invoice Lines'!$A$5:$A$5059,A223) -> 2909 | G223: =AVERAGEIFS('Invoice Lines'!$D$5:$D$5059,'Invoice Lines'!$A$5:$A$5059,A223) -> 1.7515789 | H223: =SUMIFS('Invoice Lines'!$E$5:$E$5059,'Invoice Lines'!$A$5:$A$5059,A223) -> 4076.48 | I223: =Regression!$B$14+Regression!$B$12*E223+Regression!$B$13*F223 -> 3078.4235 | J223: =H223-I223 -> 998.05646
A224: 536784 | B224: 15061 | C224: United Kingdom | D224: 40514.639 | E224: =COUNTIFS('Invoice Lines'!$A$5:$A$5059,A224) -> 25 | F224: =SUMIFS('Invoice Lines'!$C$5:$C$5059,'Invoice Lines'!$A$5:$A$5059,A224) -> 1330 | G224: =AVERAGEIFS('Invoice Lines'!$D$5:$D$5059,'Invoice Lines'!$A$5:$A$5059,A224) -> 1.8488 | H224: =SUMIFS('Invoice Lines'!$E$5:$E$5059,'Invoice Lines'!$A$5:$A$5059,A224) -> 2170.9 | I224: =Regression!$B$14+Regression!$B$12*E224+Regression!$B$13*F224 -> 1490.9614 | J224: =H224-I224 -> 679.93858
A225: 536785 | B225: 15061 | C225: United Kingdom | D225: 40514.64 | E225: =COUNTIFS('Invoice Lines'!$A$5:$A$5059,A225) -> 6 | F225: =SUMIFS('Invoice Lines'!$C$5:$C$5059,'Invoice Lines'!$A$5:$A$5059,A225) -> 1008 | G225: =AVERAGEIFS('Invoice Lines'!$D$5:$D$5059,'Invoice Lines'!$A$5:$A$5059,A225) -> 2.935 | H225: =SUMIFS('Invoice Lines'!$E$5:$E$5059,'Invoice Lines'!$A$5:$A$5059,A225) -> 2730.96 | I225: =Regression!$B$14+Regression!$B$12*E225+Regression!$B$13*F225 -> 1049.4984 | J225: =H225-I225 -> 1681.4616
A226: 536786 | B226: 15061 | C226: United Kingdom | D226: 40514.641 | E226: =COUNTIFS('Invoice Lines'!$A$5:$A$5059,A226) -> 2 | F226: =SUMIFS('Invoice Lines'!$C$5:$C$5059,'Invoice Lines'!$A$5:$A$5059,A226) -> 144 | G226: =AVERAGEIFS('Invoice Lines'!$D$5:$D$5059,'Invoice Lines'!$A$5:$A$5059,A226) -> 2.75 | H226: =SUMIFS('Invoice Lines'!$E$5:$E$5059,'Invoice Lines'!$A$5:$A$5059,A226) -> 324 | I226: =Regression!$B$14+Regression!$B$12*E226+Regression!$B$13*F226 -> 203.28907 | J226: =H226-I226 -> 120.71093
A227: 536787 | B227: 17850 | C227: United Kingdom | D227: 40514.642 | E227: =COUNTIFS('Invoice Lines'!$A$5:$A$5059,A227) -> 13 | F227: =SUMIFS('Invoice Lines'!$C$5:$C$5059,'Invoice Lines'!$A$5:$A$5059,A227) -> 76 | G227: =AVERAGEIFS('Invoice Lines'!$D$5:$D$5059,'Invoice Lines'!$A$5:$A$5059,A227) -> 2.7892308 | H227: =SUMIFS('Invoice Lines'!$E$5:$E$5059,'Invoice Lines'!$A$5:$A$5059,A227) -> 192.46 | I227: =Regression!$B$14+Regression!$B$12*E227+Regression!$B$13*F227 -> 218.17312 | J227: =H227-I227 -> -25.713121
A228: 536788 | B228: 15061 | C228: United Kingdom | D228: 40514.642 | E228: =COUNTIFS('Invoice Lines'!$A$5:$A$5059,A228) -> 1 | F228: =SUMIFS('Invoice Lines'!$C$5:$C$5059,'Invoice Lines'!$A$5:$A$5059,A228) -> 60 | G228: =AVERAGEIFS('Invoice Lines'!$D$5:$D$5059,'Invoice Lines'!$A$5:$A$5059,A228) -> 1.25 | H228: =SUMIFS('Invoice Lines'!$E$5:$E$5059,'Invoice Lines'!$A$5:$A$5059,A228) -> 75 | I228: =Regression!$B$14+Regression!$B$12*E228+Regression!$B$13*F228 -> 116.61778 | J228: =H228-I228 -> -41.617782
A229: 536789 | B229: 17850 | C229: United Kingdom | D229: 40514.642 | E229: =COUNTIFS('Invoice Lines'!$A$5:$A$5059,A229) -> 2 | F229: =SUMIFS('Invoice Lines'!$C$5:$C$5059,'Invoice Lines'!$A$5:$A$5059,A229) -> 12 | G229: =AVERAGEIFS('Invoice Lines'!$D$5:$D$5059,'Invoice Lines'!$A$5:$A$5059,A229) -> 1.85 | H229: =SUMIFS('Invoice Lines'!$E$5:$E$5059,'Invoice Lines'!$A$5:$A$5059,A229) -> 22.2 | I229: =Regression!$B$14+Regression!$B$12*E229+Regression!$B$13*F229 -> 78.408008 | J229: =H229-I229 -> -56.208008
A230: 536790 | B230: 17850 | C230: United Kingdom | D230: 40514.643 | E230: =COUNTIFS('Invoice Lines'!$A$5:$A$5059,A230) -> 17 | F230: =SUMIFS('Invoice Lines'!$C$5:$C$5059,'Invoice Lines'!$A$5:$A$5059,A230) -> 141 | G230: =AVERAGEIFS('Invoice Lines'!$D$5:$D$5059,'Invoice Lines'!$A$5:$A$5059,A230) -> 5.4794118 | H230: =SUMIFS('Invoice Lines'!$E$5:$E$5059,'Invoice Lines'!$A$5:$A$5059,A230) -> 532.01 | I230: =Regression!$B$14+Regression!$B$12*E230+Regression!$B$13*F230 -> 308.47366 | J230: =H230-I230 -> 223.53634
A231: 536791 | B231: 17850 | C231: United Kingdom | D231: 40514.644 | E231: =COUNTIFS('Invoice Lines'!$A$5:$A$5059,A231) -> 2 | F231: =SUMIFS('Invoice Lines'!$C$5:$C$5059,'Invoice Lines'!$A$5:$A$5059,A231) -> 24 | G231: =AVERAGEIFS('Invoice Lines'!$D$5:$D$5059,'Invoice Lines'!$A$5:$A$5059,A231) -> 1.85 | H231: =SUMIFS('Invoice Lines'!$E$5:$E$5059,'Invoice Lines'!$A$5:$A$5059,A231) -> 44.4 | I231: =Regression!$B$14+Regression!$B$12*E231+Regression!$B$13*F231 -> 89.760832 | J231: =H231-I231 -> -45.360832
A232: 536792 | B232: 15061 | C232: United Kingdom | D232: 40514.644 | E232: =COUNTIFS('Invoice Lines'!$A$5:$A$5059,A232) -> 1 | F232: =SUMIFS('Invoice Lines'!$C$5:$C$5059,'Invoice Lines'!$A$5:$A$5059,A232) -> 24 | G232: =AVERAGEIFS('Invoice Lines'!$D$5:$D$5059,'Invoice Lines'!$A$5:$A$5059,A232) -> 1.25 | H232: =SUMIFS('Invoice Lines'!$E$5:$E$5059,'Invoice Lines'!$A$5:$A$5059,A232) -> 30 | I232: =Regression!$B$14+Regression!$B$12*E232+Regression!$B$13*F232 -> 82.559312 | J232: =H232-I232 -> -52.559312
... A240: 536800 | B240: 14829 | C240: United Kingdom | D240: 40514.675 | E240: =COUNTIFS('Invoice Lines'!$A$5:$A$5059,A240) -> 19 | F240: =SUMIFS('Invoice Lines'!$C$5:$C$5059,'Invoice Lines'!$A$5:$A$5059,A240) -> 190 | G240: =AVERAGEIFS('Invoice Lines'!$D$5:$D$5059,'Invoice Lines'!$A$5:$A$5059,A240) -> 1.8031579 | H240: =SUMIFS('Invoice Lines'!$E$5:$E$5059,'Invoice Lines'!$A$5:$A$5059,A240) -> 236.97 | I240: =Regression!$B$14+Regression!$B$12*E240+Regression!$B$13*F240 -> 369.23406 | J240: =H240-I240 -> -132.26406
A241: 536801 | D241: 40514.675 | E241: =COUNTIFS('Invoice Lines'!$A$5:$A$5059,A241) -> 14 | F241: =SUMIFS('Invoice Lines'!$C$5:$C$5059,'Invoice Lines'!$A$5:$A$5059,A241) -> 134 | G241: =AVERAGEIFS('Invoice Lines'!$D$5:$D$5059,'Invoice Lines'!$A$5:$A$5059,A241) -> 2.625 | H241: =SUMIFS('Invoice Lines'!$E$5:$E$5059,'Invoice Lines'!$A$5:$A$5059,A241) -> 252.3 | I241: =Regression!$B$14+Regression!$B$12*E241+Regression!$B$13*F241 -> 280.24662 | J241: =H241-I241 -> -27.946621
A242: 536802 | B242: 17412 | C242: United Kingdom | D242: 40514.687 | E242: =COUNTIFS('Invoice Lines'!$A$5:$A$5059,A242) -> 8 | F242: =SUMIFS('Invoice Lines'!$C$5:$C$5059,'Invoice Lines'!$A$5:$A$5059,A242) -> 50 | G242: =AVERAGEIFS('Invoice Lines'!$D$5:$D$5059,'Invoice Lines'!$A$5:$A$5059,A242) -> 4.70625 | H242: =SUMIFS('Invoice Lines'!$E$5:$E$5059,'Invoice Lines'!$A$5:$A$5059,A242) -> 197.3 | I242: =Regression!$B$14+Regression!$B$12*E242+Regression!$B$13*F242 -> 157.56774 | J242: =H242-I242 -> 39.732264
...

Sheet Regression
A1: Task 4.1 — Multiple Linear Regression
A2: Y = Invoice Value (£) | X1 = Lines per invoice | X2 = Total quantity. Computed with LINEST (same result as the Data Analysis ToolPak).
A4: Regression statistic | B4: Value
A5: Multiple R | B5: =SQRT(B6) -> 0.89545805
A6: R Square | B6: =INDEX(LINEST('Model Data'!$H$5:$H$275,'Model Data'!$E$5:$F$275,TRUE(),TRUE()),3,1) -> 0.80184512
A7: Adjusted R Square | B7: =1-(1-B6)*(B9-1)/B10 -> 0.80036635
A8: Standard Error of Y (£) | B8: =INDEX(LINEST('Model Data'!$H$5:$H$275,'Model Data'!$E$5:$F$275,TRUE(),TRUE()),3,2) -> 299.02765
A9: Observations (n) | B9: =COUNT('Model Data'!$H$5:$H$275) -> 271
A10: Residual df | B10: =INDEX(LINEST('Model Data'!$H$5:$H$275,'Model Data'!$E$5:$F$275,TRUE(),TRUE()),4,2) -> 268
A11: Coefficient | B11: Estimate | C11: Std. Error | D11: t Stat | E11: P-value | F11: Lower 95% | G11: Upper 95%
A12: X1: Lines per invoice | B12: =INDEX(LINEST('Model Data'!$H$5:$H$275,'Model Data'!$E$5:$F$275,TRUE(),TRUE()),1,2) -> 7.2015201 | C12: =INDEX(LINEST('Model Data'!$H$5:$H$275,'Model Data'!$E$5:$F$275,TRUE(),TRUE()),2,2) -> 0.38169634 | D12: =B12/C12 -> 18.867145 | E12: =TDIST(ABS(D12),$B$10,2) -> 4.2300402e-51 | F12: =B12-TINV(0.05,$B$10)*C12 -> 6.4500153 | G12: =B12+TINV(0.05,$B$10)*C12 -> 7.9530249
A13: X2: Total quantity | B13: =INDEX(LINEST('Model Data'!$H$5:$H$275,'Model Data'!$E$5:$F$275,TRUE(),TRUE()),1,1) -> 0.94606863 | C13: =INDEX(LINEST('Model Data'!$H$5:$H$275,'Model Data'!$E$5:$F$275,TRUE(),TRUE()),2,1) -> 0.045185943 | D13: =B13/C13 -> 20.937233 | E13: =TDIST(ABS(D13),$B$10,2) -> 2.4547912e-58 | F13: =B13-TINV(0.05,$B$10)*C13 -> 0.85710405 | G13: =B13+TINV(0.05,$B$10)*C13 -> 1.0350332
A14: Intercept | B14: =INDEX(LINEST('Model Data'!$H$5:$H$275,'Model Data'!$E$5:$F$275,TRUE(),TRUE()),1,3) -> 52.652144 | C14: =INDEX(LINEST('Model Data'!$H$5:$H$275,'Model Data'!$E$5:$F$275,TRUE(),TRUE()),2,3) -> 20.951846 | D14: =B14/C14 -> 2.5130074 | E14: =TDIST(ABS(D14),$B$10,2) -> 0.012557988 | F14: =B14-TINV(0.05,$B$10)*C14 -> 11.400993 | G14: =B14+TINV(0.05,$B$10)*C14 -> 93.903296
A16: ANOVA | B16: df | C16: SS | D16: MS | E16: F | F16: Significance F
A17: Regression | B17: 2 | C17: =INDEX(LINEST('Model Data'!$H$5:$H$275,'Model Data'!$E$5:$F$275,TRUE(),TRUE()),5,1) -> 96971302 | D17: =C17/B17 -> 48485651 | E17: =INDEX(LINEST('Model Data'!$H$5:$H$275,'Model Data'!$E$5:$F$275,TRUE(),TRUE()),4,1) -> 542.23871 | F17: =FDIST(E17,B17,B18) -> 6.2898298e-95
A18: Residual | B18: =B10 -> 268 | C18: =INDEX(LINEST('Model Data'!$H$5:$H$275,'Model Data'!$E$5:$F$275,TRUE(),TRUE()),5,2) -> 23963900 | D18: =C18/B18 -> 89417.538
A19: Total | B19: =B17+B18 -> 270 | C19: =C17+C18 -> 1.209352e+08
A21: Fitted equation
A22: ="Invoice Value = "&TEXT(B14,"0.00")&" + "&TEXT(B12,"0.00")&" × Lines + "&TEXT(B13,"0.000")&" × Quantity" -> Invoice Value = 52.65 + 7.20 × Lines + 0.946 × Quantity
A24: Model comparison (same 271 invoices) | B24: R Square | C24: Adjusted R² | D24: Added value of the extra variable
A25: M1 (Checkpoint 2): Lines only | B25: =RSQ('Model Data'!$H$5:$H$275,'Model Data'!$E$5:$E$275) -> 0.4777231 | C25: =1-(1-B25)*(B$8-1)/(B$8-2) -> 0.47596475 | D25: Baseline
A26: M2 (this checkpoint): Lines + Quantity | B26: =B6 -> 0.80184512 | C26: =B7 -> 0.80036635 | D26: =B26-B25 -> 0.32412203
A27: M3: Lines + Quantity + Avg Unit Price | B27: =INDEX(LINEST('Model Data'!$H$5:$H$275,'Model Data'!$E$5:$G$275,TRUE(),TRUE()),3,1) -> 0.80276823 | C27: =1-(1-B27)*(B$8-1)/(B$8-4) -> 0.80076267 | D27: =B27-B26 -> 0.00092310895
A29: Note: 'Multiple R' etc. replicate the Excel Data Analysis ToolPak → Regression summary. Interpretation of these numbers should be written by the group in the report.

Sheet Diagnostics
A1: Assumption & Limitation Checks
A2: Quick numerical checks supporting the 'assumptions and limitations' part of Task 4.1.
A4: Check | B4: Value | C4: What to look at
A5: Mean of residuals (£) | B5: =AVERAGE('Model Data'!$J$5:$J$275) -> 3.6235058e-14 | C5: Should be ≈ 0 for OLS
A6: Std. deviation of residuals (£) | B6: =STDEV('Model Data'!$J$5:$J$275) -> 297.91809 | C6: Spread of prediction errors
A7: Largest positive residual (£) | B7: =MAX('Model Data'!$J$5:$J$275) -> 1742.9214 | C7: Biggest under-prediction
A8: Largest negative residual (£) | B8: =MIN('Model Data'!$J$5:$J$275) -> -2113.8289 | C8: Biggest over-prediction
A9: Invoices with |residual| > 2 × SE | B9: =SUMPRODUCT(--(ABS('Model Data'!$J$5:$J$275)>2*Regression!B8)) -> 13 | C9: Count of poorly predicted invoices (outliers)
A10: …as % of invoices | B10: =B9/Regression!B9 -> 0.04797048 | C10: Share of outliers
A11: Correlation: Lines vs Quantity | B11: =CORREL('Model Data'!$E$5:$E$275,'Model Data'!$F$5:$F$275) -> 0.26837559 | C11: Low = little multicollinearity between predictors
A12: VIF (1 / (1 − r²)) | B12: =1/(1-B11^2) -> 1.0776158 | C12: Values near 1 = no multicollinearity problem
A13: Max invoice value (£) | B13: =MAX('Model Data'!$H$5:$H$275) -> 6308.16 | C13: Extreme order present in the sample
A14: Mean invoice value (£) | B14: =AVERAGE('Model Data'!$H$5:$H$275) -> 391.82963 | C14: Compare with max → heavy right skew
A15: Median invoice value (£) | B15: =MEDIAN('Model Data'!$H$5:$H$275) -> 248.1 | C15: Typical invoice
A16: Mean absolute error (£) | B16: =SUMPRODUCT(ABS('Model Data'!$J$5:$J$275))/Regression!B9 -> 151.84571 | C16: Average size of a miss
A17: MAE as % of mean value | B17: =B16/B14 -> 0.38752993 | C17: Relative error
A18: Date range of sample | B18: =TEXT(MIN('Model Data'!$D$5:$D$275),"yyyy-mm-dd")&" to "&TEXT(MAX('Model Data'!$D$5:$D$275),"yyyy-mm-dd") -> 2010-12-01 to 2010-12-03 | C18: Only ~3 days of trading — limits generalisation

Sheet Predictions
A1: Prediction Calculator & Scenarios
A2: Blue cells on a cream fill are inputs — change them to predict any invoice. Prediction band = Predicted ± 1.96 × Standard Error of Y (approximate).
A4: Scenario | B4: Lines (products) | C4: Total quantity | D4: Predicted value (£) | E4: Approx. low (£) | F4: Approx. high (£)
A5: Small basket | B5: 3 | C5: 30 | D5: =Regression!$B$14+Regression!$B$12*B5+Regression!$B$13*C5 -> 102.63876 | E5: =MAX(0,D5-1.96*Regression!$B$8) -> 0 | F5: =D5+1.96*Regression!$B$8 -> 688.73297
A6: Typical basket (median invoice) | B6: 11 | C6: 106 | D6: =Regression!$B$14+Regression!$B$12*B6+Regression!$B$13*C6 -> 232.15214 | E6: =MAX(0,D6-1.96*Regression!$B$8) -> 0 | F6: =D6+1.96*Regression!$B$8 -> 818.24634
A7: Average basket | B7: =ROUND(AVERAGE('Model Data'!$E$5:$E$275),0) -> 19 | C7: =ROUND(AVERAGE('Model Data'!$F$5:$F$275),0) -> 217 | D7: =Regression!$B$14+Regression!$B$12*B7+Regression!$B$13*C7 -> 394.77792 | E7: =MAX(0,D7-1.96*Regression!$B$8) -> 0 | F7: =D7+1.96*Regression!$B$8 -> 980.87212
A8: Large basket | B8: 30 | C8: 400 | D8: =Regression!$B$14+Regression!$B$12*B8+Regression!$B$13*C8 -> 647.1252 | E8: =MAX(0,D8-1.96*Regression!$B$8) -> 61.030994 | F8: =D8+1.96*Regression!$B$8 -> 1233.2194
A9: Add 5 extra product lines to the typical basket | B9: 16 | C9: 106 | D9: =Regression!$B$14+Regression!$B$12*B9+Regression!$B$13*C9 -> 268.15974 | E9: =MAX(0,D9-1.96*Regression!$B$8) -> 0 | F9: =D9+1.96*Regression!$B$8 -> 854.25394
A10: Same lines, +100 units | B10: 11 | C10: 206 | D10: =Regression!$B$14+Regression!$B$12*B10+Regression!$B$13*C10 -> 326.759 | E10: =MAX(0,D10-1.96*Regression!$B$8) -> 0 | F10: =D10+1.96*Regression!$B$8 -> 912.85321
A12: Legend: blue text / cream fill = editable input. Scenario values are illustrative choices by the analyst (the 'typical basket' uses the sample median of 11 lines and 106 units).
A14: Your own invoice → | B14: 8 | C14: 75 | D14: =Regression!$B$14+Regression!$B$12*B14+Regression!$B$13*C14 -> 181.21945 | E14: =MAX(0,D14-1.96*Regression!$B$8) -> 0 | F14: =D14+1.96*Regression!$B$8 -> 767.31366

Sheet Charts
A1: Model Charts
A2: Actual vs. predicted invoice value, and residuals vs. predicted (check for a funnel shape = unequal spread).
